type_acces,distance_rn,batissable,distance_jirama,type_papier,commune,prix_m2
acces moto,6025.267927331479,1,1153.6392931920252,titre et borne,Ilafy,263740.54
acces voiture,10628.512517647658,1,752.7068286379989,titre et borne,Alasora,291168.73
acces voiture,7851.271514558151,1,1106.832723825826,fifanolorana,Alasora,186580.26
acces voiture,3269.2890330127907,1,878.0241308955649,titre et borne,Tanjombato,334630.08
sans acces,6475.757514519517,1,1765.3618534356674,titre et borne,Alasora,249092.43
sans acces,1039.3003789380737,1,371.2084315936404,cadastre,Ilafy,182614.11
acces voiture,10494.376297563062,1,64.98636284622239,titre et borne,Alasora,321880.68
acces voiture,8538.32036216386,1,468.9642984826373,titre et borne,Ilafy,330608.06
acces voiture,3592.4730436858854,1,1406.3930615300349,cadastre,Ambohidratrimo,211863.54
sans acces,139.40358727263265,1,117.30671506090108,titre et borne,Tanjombato,291881.09
acces voiture,9061.617122496238,1,722.3124743619862,titre et borne,Analakely,317077.82
acces voiture,4656.380464242146,1,1310.8628836247713,titre et borne,Alasora,348563.83
acces moto,8713.448935920385,1,2994.3996139462324,titre et borne,Ilafy,209160.33
sans acces,216.7170236168986,1,995.1432707680854,titre et borne,Ivato,283628.5
sans acces,3201.8749311386814,0,1670.7926195613136,titre et borne,Analakely,155990.03
acces moto,5015.731099154549,1,1065.463486838052,fifanolorana,Ambohidratrimo,113626.08
acces voiture,5140.9417812942265,1,920.888277447086,cadastre,Ilafy,239992.38
acces moto,3649.803585562269,1,1735.2611863902148,cadastre,Tanjombato,175452.44
acces moto,6868.549797042497,1,767.7803646490789,titre et borne,Tanjombato,294093.46
acces voiture,1797.138711852217,1,1213.9138512575223,fifanolorana,Ambohidratrimo,202569.24
sans acces,4572.86154493612,1,1257.358244956811,titre et borne,Ambohidratrimo,265001.37
acces moto,5360.886895135696,1,465.52763708556097,titre et borne,Tanjombato,293492.43
acces moto,6543.316502176247,1,1793.6338796292182,cadastre,Alasora,182762.6
acces moto,7134.844634266669,0,860.032194643673,titre et borne,Alasora,195692.96
acces voiture,1626.0737244863922,1,395.4038724057242,titre et borne,Ilafy,386996.48
sans acces,397.65748779313344,1,1429.2078748563229,cadastre,Ivato,146415.27
acces voiture,8833.030465695527,1,281.22561456717017,fifanolorana,Ilafy,184726.96
acces voiture,5996.942035938775,1,1022.5449258953026,titre et borne,Ivato,333843.3
sans acces,2754.540390330339,1,992.7048026846372,cadastre,Ambohidratrimo,177249.68
acces voiture,9653.455926567569,1,1868.7164526652623,fifanolorana,Analakely,185531.07
sans acces,5347.023902878576,1,1379.758586303962,titre et borne,Ilafy,239473.61
sans acces,8537.891552191479,1,979.9784330038848,titre et borne,Ilafy,208138.09
acces voiture,5202.555444230326,1,1654.2130393602297,titre et borne,Ivato,343851.55
acces voiture,11182.243774645962,1,2112.1660392138506,titre et borne,Ambohidratrimo,277997.97
acces voiture,10266.022527329613,1,1446.2482450814898,titre et borne,Ambohidratrimo,338599.55
acces moto,4253.107554562779,1,1008.2820958747044,fifanolorana,Ivato,131554.09
sans acces,7914.712852863066,1,49.46898588012755,cadastre,Ambohidratrimo,139473.19
acces moto,9105.894672597044,1,755.8202365162658,titre et borne,Alasora,253385.6
acces moto,7058.154379995318,1,850.4229576116431,fifanolorana,Analakely,123825.75
acces voiture,276.21845926934293,0,1423.7542034853846,titre et borne,Analakely,269323.0
acces moto,1450.224462002675,1,943.600977552727,cadastre,Ilafy,216153.76
acces voiture,1117.696533280302,1,1389.2013150609614,titre et borne,Alasora,374886.35
acces voiture,7152.626767387887,1,580.3732530830971,titre et borne,Tanjombato,357451.97
acces voiture,9507.071156288084,1,248.53168494499653,cadastre,Ivato,228417.47
sans acces,5222.284341259326,1,884.7299554227077,cadastre,Tanjombato,156737.61
acces voiture,9885.846636713875,0,32.24420572711392,titre et borne,Alasora,225904.41
acces voiture,859.6956253553262,1,1479.9429839969637,titre et borne,Analakely,366203.56
acces voiture,110.14731806546388,1,2224.600665874958,titre et borne,Ivato,353131.03
acces voiture,4833.356903310144,1,1975.0094813578532,titre et borne,Ambohidratrimo,338415.96
acces voiture,6152.196346817922,1,829.2457032558336,titre et borne,Alasora,342606.8
acces voiture,4901.9157557177205,1,2192.580909479961,titre et borne,Ivato,335450.11
sans acces,1202.32630011963,1,1118.9339657616893,cadastre,Alasora,172034.54
sans acces,4732.639881461635,0,730.3312231055686,titre et borne,Alasora,160555.88
sans acces,1086.5914984854403,0,509.2778691672482,titre et borne,Ambohidratrimo,198010.45
acces moto,7009.017646490115,1,758.0242508094973,titre et borne,Ilafy,295862.54
acces moto,6099.794738290545,1,689.4585451670171,fifanolorana,Ivato,111454.33
acces moto,2180.360641017934,1,1136.3329779003902,cadastre,Ambohidratrimo,186026.77
acces moto,1822.3594343331447,1,1002.4368161227316,titre et borne,Ambohidratrimo,284483.15
acces moto,4811.962708180485,1,1349.55053579708,cadastre,Ilafy,175324.21
acces voiture,7865.426961503715,1,1952.517019829073,titre et borne,Tanjombato,336644.47
sans acces,2042.8218609933688,1,1759.643308353059,cadastre,Ivato,173903.26
acces voiture,6512.139546553533,1,187.9183747599227,fifanolorana,Ilafy,197152.74
sans acces,3409.2271448826777,1,1043.1369079215638,cadastre,Analakely,147658.96
acces voiture,2621.381503212968,1,1747.4559289914191,fifanolorana,Ivato,211462.39
acces voiture,4678.908920136327,1,93.50295873233677,cadastre,Ilafy,220210.9
sans acces,1894.2730327418776,1,820.1876784858532,titre et borne,Alasora,246499.08
sans acces,3339.052083958454,0,63.90957915251238,fifanolorana,Ivato,2158.81
acces voiture,1406.3663222334544,1,441.5843500640158,titre et borne,Ivato,352566.83
acces voiture,10894.175398749168,1,1433.1701825638304,cadastre,Ambohidratrimo,199692.16
acces voiture,5105.790655915186,1,1607.3241282421177,titre et borne,Alasora,360563.03
acces voiture,2900.823476022243,1,538.7916794186244,titre et borne,Analakely,318692.04
sans acces,5641.939732202666,1,1072.833833715928,titre et borne,Tanjombato,234811.42
acces moto,4663.015850927511,1,563.0044413980138,titre et borne,Ilafy,300348.37
sans acces,4337.091201400332,1,1313.4432043220372,titre et borne,Ambohidratrimo,251341.07
acces voiture,6842.500100130275,1,183.12925501930292,cadastre,Ilafy,265882.28
acces voiture,7272.523130141915,1,1146.6879358233246,titre et borne,Analakely,334586.28
acces moto,3408.496557168418,1,987.7521206616036,titre et borne,Analakely,298694.17
sans acces,3272.54527806596,1,1463.4331996808708,cadastre,Ivato,121425.34
acces moto,4174.844908545068,1,1095.6642947313226,titre et borne,Analakely,273345.1
acces moto,1905.7634942067543,1,221.54484729475564,cadastre,Ilafy,181515.16
acces voiture,454.4268134043432,1,1957.257201331593,cadastre,Alasora,266744.42
acces voiture,9100.622802333575,1,873.176341578424,fifanolorana,Alasora,180995.48
acces voiture,9934.903140503851,1,978.1563683920546,cadastre,Ivato,225246.99
acces moto,4252.891881330865,0,253.38563274144315,titre et borne,Tanjombato,202980.18
sans acces,6729.670889167299,1,645.3741990467918,cadastre,Ilafy,125303.66
acces voiture,5933.7504636306085,1,292.15782877847926,titre et borne,Ilafy,350551.37
acces voiture,14236.642425365711,1,861.6431520612616,titre et borne,Analakely,290159.57
acces voiture,8358.72473430373,1,2369.366784113875,cadastre,Ilafy,199206.64
acces voiture,4616.2472255577,1,97.52091434508498,titre et borne,Ambohidratrimo,348317.71
acces moto,2133.378678198723,1,290.849118301393,cadastre,Tanjombato,196513.48
acces voiture,180.66103922728237,1,2176.936261994887,fifanolorana,Analakely,194326.49
acces moto,5610.390907601669,1,832.5410582785071,fifanolorana,Ambohidratrimo,115236.12
sans acces,2730.94776414709,1,464.7418090720668,fifanolorana,Ivato,118428.19
sans acces,733.2388712069778,1,1831.9237499168607,titre et borne,Alasora,281355.31
sans acces,3060.28134727242,1,515.5075682105087,titre et borne,Ivato,258958.45
acces voiture,1755.3559891568152,1,2460.807770837549,cadastre,Alasora,249951.65
acces moto,10061.424905217697,1,1542.3406970714152,titre et borne,Ivato,262315.14
acces voiture,7644.919270848351,0,609.6708734834378,cadastre,Ilafy,161177.18
acces voiture,4976.082076050148,1,2725.8465706124025,cadastre,Ambohidratrimo,215157.44
acces moto,9439.832416670077,1,515.4280615973294,cadastre,Alasora,193444.25
acces moto,5232.104922942855,1,1593.6762976074456,titre et borne,Analakely,266543.05
acces voiture,2416.147396015209,1,1239.4340643251935,titre et borne,Ambohidratrimo,365246.25
acces moto,9569.372231808971,1,2041.3930315190385,titre et borne,Analakely,259692.08
sans acces,6616.730131053976,1,2249.208957381482,titre et borne,Ambohidratrimo,195047.64
sans acces,4428.983965749176,1,397.2657037230532,titre et borne,Ivato,254731.85
acces voiture,2373.1452398457286,1,1367.9777143512931,titre et borne,Alasora,356451.76
acces voiture,851.6008071069919,1,457.82770419831513,titre et borne,Alasora,375685.03
acces voiture,7778.532642594924,0,2610.7097980212984,cadastre,Ambohidratrimo,146365.18
acces voiture,10728.249921410392,1,1109.22826486619,cadastre,Ilafy,215153.74
acces voiture,804.2972785425764,1,707.742758950313,titre et borne,Ilafy,374220.35
sans acces,6688.907710071713,1,1147.7442446919267,titre et borne,Analakely,234403.7
acces voiture,3048.0722926345197,1,77.70103162375722,titre et borne,Analakely,348722.62
acces voiture,3538.623848705912,1,222.70876919147872,titre et borne,Ivato,360565.81
acces voiture,3222.818227283393,0,1960.33112635554,cadastre,Ambohidratrimo,175518.95
acces voiture,2408.027690960552,0,474.48457682288335,cadastre,Analakely,199846.84
acces moto,5145.564883834481,1,162.47121385444837,titre et borne,Analakely,300707.2
sans acces,2507.1496507668867,1,1429.322202021829,titre et borne,Tanjombato,273186.28
acces moto,5811.370477339517,1,1948.563323730397,fifanolorana,Ambohidratrimo,127740.49
acces moto,4849.285671652589,1,1575.1626485320537,titre et borne,Ivato,292960.14
acces voiture,4283.155859400771,1,1796.838148644653,cadastre,Analakely,254676.71
acces voiture,2277.3090138752063,1,394.5639291444314,titre et borne,Ivato,361317.56
sans acces,3269.6860082950016,1,137.44853339347492,titre et borne,Alasora,273167.14
acces voiture,7266.173677477268,0,2201.0669215643893,titre et borne,Ivato,227548.79
acces moto,6502.751562873143,1,741.8561289262914,cadastre,Ilafy,185314.87
acces moto,2067.334265604347,1,799.3335868359621,fifanolorana,Ilafy,160325.38
sans acces,5297.996916287678,1,2062.5553134792463,titre et borne,Ivato,248650.89
acces moto,7254.161370115367,1,1444.984007520528,titre et borne,Ilafy,281590.74
acces voiture,8.215843364115244,1,1364.710217665286,titre et borne,Alasora,382273.53
acces moto,6630.080577139805,1,2732.001875920867,titre et borne,Ambohidratrimo,258038.87
acces voiture,3012.12872316246,1,485.1854156958856,titre et borne,Ilafy,354906.6
acces voiture,6711.796005779478,1,1742.2721024649898,titre et borne,Ilafy,324894.82
acces moto,2710.222530372449,1,1045.6104999176675,cadastre,Ivato,199987.04
acces voiture,414.6463019935573,0,1214.8738230906056,titre et borne,Alasora,258646.83
acces voiture,117.37268635051169,1,2222.774741130025,titre et borne,Ambohidratrimo,377161.74
acces moto,5144.254839984146,1,1406.268605031699,fifanolorana,Ivato,130874.14
acces moto,5779.167505164445,0,1430.6368632397064,titre et borne,Ivato,190572.77
acces moto,2287.0501246867743,1,1858.0058698478415,fifanolorana,Tanjombato,102038.95
acces moto,6915.777376332122,0,708.0378163656917,titre et borne,Alasora,197788.53
sans acces,15.439813193120244,0,328.63226612879487,fifanolorana,Ambohidratrimo,43659.33
acces voiture,4801.76060405805,1,164.15264478317317,cadastre,Alasora,240893.97
acces voiture,1366.95140071263,1,573.0852715008014,fifanolorana,Ambohidratrimo,207338.69
sans acces,3044.4916765935222,1,2644.9657039522576,fifanolorana,Alasora,87928.33
acces moto,5142.196013949242,1,117.43330742265346,titre et borne,Ivato,284291.14
sans acces,8018.878427643322,1,1245.9253582472809,titre et borne,Ilafy,229765.48
acces moto,3269.324391430554,1,1652.5897700314374,titre et borne,Tanjombato,304828.16
acces voiture,7507.076336195425,1,1688.3787906877965,cadastre,Alasora,225031.89
acces moto,1610.879436027146,1,533.5380491448493,titre et borne,Tanjombato,311949.88
acces voiture,6589.412533745848,0,866.3026289708708,cadastre,Analakely,162779.68
acces voiture,9324.7058619737,1,1226.0639603906395,cadastre,Ilafy,221235.78
acces moto,2414.933500381868,0,801.0470990531624,cadastre,Alasora,118909.75
acces voiture,2609.3142335885696,1,2285.876460815994,fifanolorana,Ambohidratrimo,185524.05
acces moto,6731.21638154162,1,1392.779961310601,titre et borne,Ilafy,274681.3
acces voiture,4390.863841871022,1,1587.902228839854,titre et borne,Ivato,337917.65
acces voiture,6113.437620113927,1,1530.30501493393,titre et borne,Analakely,357321.11
acces voiture,3188.0444398525383,1,1938.77908598826,titre et borne,Ilafy,356839.14
sans acces,5259.7693624187,1,1144.8172469629656,titre et borne,Ilafy,220461.04
acces voiture,4532.968293823762,1,37.46555836467724,titre et borne,Ivato,336003.13
acces moto,8503.346184979422,0,1319.7503614021134,titre et borne,Alasora,182328.87
sans acces,6012.807986225606,1,577.1066546001946,cadastre,Ivato,141416.98
acces voiture,3537.1813277825195,1,1990.6264571469087,cadastre,Alasora,247143.87
sans acces,3702.3254365411376,1,1017.0172613888492,titre et borne,Ilafy,255902.64
acces voiture,6183.3564271348905,1,1247.066410079171,titre et borne,Ambohidratrimo,358305.47
acces moto,3737.046557539211,1,2361.77195570819,cadastre,Analakely,156863.67
acces voiture,5869.324570689239,0,1192.6025435908546,titre et borne,Analakely,260286.43
sans acces,11226.202395936318,0,3081.346491344316,titre et borne,Ivato,104369.73
acces voiture,7613.374110295077,1,1452.4077165052354,fifanolorana,Alasora,198940.59
acces moto,4021.929403496477,1,408.6102073246541,fifanolorana,Ivato,112663.98
acces voiture,8603.641766491834,1,1602.673296883626,cadastre,Ivato,188472.83
sans acces,3775.773880935346,1,1304.9267079062222,cadastre,Tanjombato,152641.41
acces moto,1114.3736055335612,1,2031.8022032661968,cadastre,Ivato,211004.56
sans acces,1975.741067247788,1,1538.5450810159668,titre et borne,Tanjombato,266334.66
acces voiture,612.3757630775672,1,889.235212812981,titre et borne,Analakely,356031.06
acces voiture,3945.459547876074,1,20.561410968507403,titre et borne,Analakely,382663.41
acces moto,5055.255137568655,1,832.7813941711797,titre et borne,Ivato,267923.88
acces voiture,10029.311936825849,1,319.5836366325599,cadastre,Analakely,246269.87
acces voiture,5980.782121292488,1,535.5812401562218,titre et borne,Alasora,328251.85
acces voiture,4342.698413573407,1,1470.8627235364877,fifanolorana,Tanjombato,188300.52
acces voiture,7488.216743550467,1,2335.9236034811247,fifanolorana,Tanjombato,178788.72
acces moto,1633.4059270236555,1,1315.7372238583848,cadastre,Ivato,176682.48
sans acces,5706.843674325698,1,43.29355037185246,cadastre,Analakely,173068.2
acces voiture,7312.5955816609,1,1355.6821345761125,fifanolorana,Ambohidratrimo,174511.04
acces voiture,564.2412626604755,1,1957.305189316521,titre et borne,Tanjombato,359664.88
acces voiture,8431.262129620787,1,512.1736765444942,cadastre,Ivato,250154.96
acces moto,3754.136258297596,0,1011.7505557833576,cadastre,Alasora,127024.02
acces voiture,6898.345598318854,1,372.081349534208,titre et borne,Ilafy,366395.46
acces voiture,11812.078573413188,1,1518.6243470750874,fifanolorana,Ilafy,145919.68
acces voiture,5545.598765175486,1,903.2414811137749,fifanolorana,Tanjombato,213780.41
acces voiture,5744.661758901008,1,1335.625955125622,titre et borne,Alasora,311511.75
acces voiture,3621.917301379268,1,290.00625775831986,titre et borne,Alasora,364834.36
sans acces,2450.4668916056244,1,650.0333597412716,fifanolorana,Alasora,92818.35
sans acces,7491.007449632737,1,1577.905086262217,titre et borne,Tanjombato,240904.44
acces voiture,2431.7485222733985,1,701.7334783265865,fifanolorana,Ilafy,223730.76
acces voiture,5214.698711658178,1,2381.571080986724,cadastre,Alasora,261271.5
sans acces,3567.02765970465,0,680.2910515083181,titre et borne,Analakely,196681.2
sans acces,6436.939477239175,1,1179.7477806015088,titre et borne,Ivato,233531.26
acces voiture,6000.986315860845,1,1746.072665498472,titre et borne,Ivato,316308.13
sans acces,8112.619832773697,1,134.6925863464253,cadastre,Ambohidratrimo,146575.28
sans acces,3469.950803435758,1,408.6470495846206,titre et borne,Ambohidratrimo,257652.8
acces voiture,4190.375194119886,1,220.5250516560759,cadastre,Tanjombato,280110.2
acces voiture,3667.120219771665,1,558.5134832860426,cadastre,Ivato,288900.12
acces moto,6131.901479134556,1,3046.559428534602,fifanolorana,Analakely,116854.76
acces voiture,7270.965849936056,1,548.6019210740891,fifanolorana,Ilafy,175963.97
acces moto,2233.504027467124,1,1147.6410425576296,titre et borne,Ilafy,308365.91
acces moto,7608.817760316981,1,2233.6879620543004,fifanolorana,Tanjombato,129080.35
acces voiture,9066.913576414852,1,2604.8743105272983,cadastre,Analakely,210331.89
acces voiture,6240.304709671103,1,2649.2028613091184,cadastre,Tanjombato,195832.64
acces voiture,10630.3874376742,1,1966.6929844745137,fifanolorana,Ilafy,152773.43
acces voiture,2678.6324026892808,1,1819.25002064917,titre et borne,Tanjombato,364005.26
acces voiture,1266.0358900657488,1,1474.0215593609464,titre et borne,Alasora,366379.58
sans acces,336.16074671283604,1,1622.6888609333105,fifanolorana,Tanjombato,109744.7
acces moto,9488.132934467549,1,559.0514269371733,titre et borne,Ivato,286593.56
acces moto,6963.096969062173,1,345.4408932621543,fifanolorana,Tanjombato,142819.69
acces moto,4833.245987268635,1,997.3004340712384,fifanolorana,Ivato,148105.85
acces voiture,5839.905878959461,1,863.8523019800573,titre et borne,Analakely,336002.43
acces moto,1623.532858104871,1,637.4175605381799,fifanolorana,Ilafy,147897.4
acces voiture,12337.255938850478,1,1557.1099579653724,titre et borne,Ambohidratrimo,277243.22
acces voiture,5387.663545925682,1,1764.2441668564086,cadastre,Ambohidratrimo,231528.36
acces voiture,5328.184383814679,1,1070.725509033478,cadastre,Ilafy,256682.7
acces voiture,7177.299871696076,1,2182.024064844209,fifanolorana,Ambohidratrimo,169231.86
acces voiture,6443.027695210139,1,86.648708693196,titre et borne,Tanjombato,353601.46
acces moto,5671.652072837394,1,845.0724325762255,titre et borne,Analakely,299859.01
sans acces,2628.576633664064,1,426.542143517756,cadastre,Analakely,168184.19
acces voiture,6414.405071407988,1,493.2292936584479,cadastre,Ilafy,250053.4
acces moto,10646.0734894251,1,933.8554513258406,cadastre,Ambohidratrimo,137063.74
sans acces,9036.260138464932,1,902.6019932933732,titre et borne,Tanjombato,220954.21
acces voiture,9779.55987991819,1,2210.759794593705,titre et borne,Analakely,334894.0
sans acces,3466.3529707064445,1,1504.649347643822,titre et borne,Analakely,249178.7
acces voiture,2031.1855392242571,1,180.65054053663607,fifanolorana,Alasora,246488.64
acces voiture,4622.639239701056,1,2483.274053067351,titre et borne,Alasora,321207.33
acces voiture,5167.174736866084,1,1976.8269564202824,titre et borne,Analakely,337905.07
acces moto,8282.574555412846,1,1465.6781627748926,fifanolorana,Ilafy,108190.17
acces voiture,9588.65095838184,1,232.44861062121615,fifanolorana,Ivato,193157.39
acces moto,4525.976304263032,1,702.2345791431576,cadastre,Tanjombato,199384.76
acces voiture,1963.6868742194972,1,2507.669044747687,titre et borne,Analakely,344907.28
acces voiture,35.429984402691844,1,2234.594822617751,titre et borne,Analakely,354618.98
acces moto,7469.511751885744,1,608.9204625709807,cadastre,Ilafy,150190.34
acces moto,5219.953901565212,1,104.30605336879104,fifanolorana,Alasora,152433.93
acces voiture,1130.1173007768384,1,1112.7089975289632,cadastre,Analakely,265805.08
acces moto,1114.7636838091516,1,414.7514924502814,titre et borne,Analakely,309259.95
sans acces,3992.645902129616,1,1258.5341713478251,cadastre,Ambohidratrimo,144589.17
acces voiture,10007.06457586818,1,881.917930961065,cadastre,Ilafy,220592.3
acces voiture,4221.225945909186,1,627.1707985054062,cadastre,Tanjombato,249078.62
acces voiture,490.5711406456812,1,275.7624538134364,cadastre,Analakely,266869.01
acces voiture,4262.770807742167,0,1410.880085255773,fifanolorana,Ambohidratrimo,118171.18
sans acces,4181.8292907569885,1,573.8393282704709,cadastre,Ivato,160614.85
acces voiture,3090.6599288247157,1,64.06653143176959,titre et borne,Tanjombato,352347.52
acces voiture,4837.115400446563,1,1297.8097706253193,titre et borne,Analakely,336825.29
sans acces,4307.196409373966,1,977.988075959491,titre et borne,Analakely,245614.81
acces voiture,7088.619094440255,1,2417.801277335795,titre et borne,Ambohidratrimo,320451.09
acces voiture,10546.868284836037,1,2329.007371638296,titre et borne,Ilafy,302052.8
acces voiture,8379.695088643271,1,634.3229947309826,titre et borne,Analakely,341654.11
acces voiture,4193.333928335508,1,518.2303517105756,titre et borne,Ivato,329065.52
acces voiture,1680.4222737749892,1,1375.019404860019,titre et borne,Analakely,335722.14
acces moto,12720.079409749582,1,201.29164864936683,fifanolorana,Ivato,107290.23
acces moto,5177.655302043465,0,1241.4335198555727,fifanolorana,Tanjombato,42657.1
acces voiture,5041.787875738839,1,1612.864222707752,titre et borne,Tanjombato,351926.05
acces voiture,4927.624738669991,1,1981.5465791074464,fifanolorana,Alasora,203093.42
acces voiture,4566.918764228172,1,837.0609998584273,titre et borne,Ivato,332715.17
acces voiture,3279.013979359291,1,297.6139305947512,titre et borne,Ilafy,376447.69
acces voiture,3359.423176278824,1,338.49571676811195,cadastre,Analakely,262801.47
acces voiture,4901.740189352005,1,818.8168864787785,cadastre,Analakely,224999.09
acces voiture,3369.725686598705,1,1293.8924054529425,cadastre,Alasora,229234.65
acces voiture,2861.462651968507,0,1730.8677009865996,titre et borne,Ivato,291138.21
acces voiture,5319.29068307569,1,357.4568394557241,titre et borne,Analakely,370096.02
acces voiture,4235.068347737434,1,2194.150855167617,titre et borne,Analakely,299126.0
acces moto,9511.978965748063,1,783.101119165945,titre et borne,Ilafy,244242.23
sans acces,8274.520555767385,1,402.23065668174127,titre et borne,Alasora,234327.7
acces voiture,8738.255577492888,1,939.3922082183532,fifanolorana,Alasora,187442.54
sans acces,1220.1706972244483,1,1707.2363170888398,fifanolorana,Ambohidratrimo,105897.49
acces moto,3971.937217758954,1,1589.475117673947,titre et borne,Analakely,294062.95
acces voiture,3885.677402012626,1,774.9379543054292,fifanolorana,Ilafy,202909.74
acces moto,777.4649158465363,1,1053.5925737798975,titre et borne,Ilafy,299012.63
acces voiture,2666.549937227374,1,1412.7513741632797,titre et borne,Alasora,368420.89
sans acces,1668.2724636025137,1,250.03668550923408,titre et borne,Ilafy,272189.09
sans acces,10256.811330270868,0,576.7578581229641,cadastre,Tanjombato,52734.2
acces voiture,7807.035179442384,1,1635.4117436974616,fifanolorana,Ambohidratrimo,176972.43
acces moto,8814.665284982477,1,3.431538535399568,cadastre,Analakely,168597.0
sans acces,7165.016192129706,1,1234.8463457333037,titre et borne,Tanjombato,255952.3
acces voiture,1612.8446863483125,1,85.26544369872408,cadastre,Ambohidratrimo,276407.65
acces voiture,3426.4392011606787,1,1373.143985946821,titre et borne,Ivato,343810.63
acces moto,6468.123683683754,0,971.4868141620132,fifanolorana,Alasora,67119.46
acces voiture,1333.6165733241637,1,292.10545272440754,cadastre,Ilafy,250598.51
sans acces,7138.995290517164,1,1931.791483565737,titre et borne,Ivato,258531.36
sans acces,4279.023805525595,1,412.3267385615607,cadastre,Ilafy,151794.37
acces voiture,3875.537577351208,1,351.7980503884952,cadastre,Tanjombato,238084.12
acces voiture,7132.879904610474,1,1160.4553577847544,titre et borne,Analakely,361320.17
acces voiture,6332.789934458119,1,1918.909879542972,cadastre,Analakely,222199.44
acces voiture,3917.101502542761,1,187.3425448172825,titre et borne,Analakely,362189.74
acces voiture,8477.989410092745,1,1049.3438798783773,cadastre,Ilafy,237881.98
acces voiture,1756.8100172003085,1,1343.0532002644584,fifanolorana,Ivato,225548.01
acces moto,6847.806820832791,1,1554.4844858105153,fifanolorana,Analakely,124712.74
acces voiture,6779.303773905152,1,1141.15324422178,cadastre,Ivato,224982.22
acces moto,4071.360682058029,1,706.3777287333421,cadastre,Ilafy,195864.31
acces moto,5978.399066726354,0,337.92782348102423,titre et borne,Tanjombato,200438.99
sans acces,1246.6592708440912,1,1068.9151064371,cadastre,Ivato,166812.73
sans acces,7772.081057620703,1,142.28879041151447,titre et borne,Tanjombato,264138.95
acces voiture,4445.293590671033,1,1337.080386795686,titre et borne,Ilafy,355741.61
acces voiture,3431.830938442881,1,1349.2478433261342,titre et borne,Ilafy,352448.06
acces voiture,8147.027677510668,1,1723.1478728689565,titre et borne,Alasora,333110.75
acces moto,2886.968928371722,1,890.3459484334708,cadastre,Ilafy,208812.91
sans acces,774.6161109093209,1,192.21543623205,titre et borne,Ilafy,258036.65
sans acces,330.1124794282887,1,1495.323408804158,cadastre,Ambohidratrimo,164022.04
acces moto,6818.029854036919,1,2645.996375769359,titre et borne,Analakely,297887.8
acces voiture,1158.711942511151,1,1016.6349661403264,titre et borne,Alasora,382232.41
acces voiture,10264.382545953093,0,417.59764701669246,cadastre,Alasora,136950.58
acces voiture,1245.788223651166,1,853.6828471161278,titre et borne,Alasora,356186.11
acces moto,10089.369104870117,1,2099.901135318548,titre et borne,Ambohidratrimo,239006.26
acces voiture,5633.052401607855,1,483.2286567003717,cadastre,Tanjombato,259997.25
acces voiture,4709.860664388822,1,360.64639467979714,titre et borne,Ilafy,376958.85
acces voiture,3365.242739573151,1,613.8051822543741,fifanolorana,Analakely,215768.24
acces voiture,6197.408343056212,1,237.3371133930301,titre et borne,Ivato,348997.02
acces moto,4887.095892725455,1,1098.1362527958363,titre et borne,Tanjombato,277920.83
acces moto,8309.905646049565,1,2299.7427667756483,cadastre,Ilafy,160393.64
acces moto,5342.682945986119,1,1258.4634184928232,titre et borne,Ambohidratrimo,268400.13
acces voiture,5450.9052843856325,1,798.1171982989699,titre et borne,Ilafy,315727.82
sans acces,3909.163363358432,1,766.5509848675647,titre et borne,Ilafy,277341.06
sans acces,4829.163128836798,1,250.5526469573256,titre et borne,Ambohidratrimo,238261.47
sans acces,5923.405306676177,1,1706.4878217177272,fifanolorana,Alasora,78445.61
sans acces,130.50517796987697,1,937.7302423897584,titre et borne,Alasora,279815.53
acces voiture,955.443733682861,1,855.6160691274995,cadastre,Analakely,288183.62
acces voiture,7229.792282068145,1,3554.486054275889,fifanolorana,Analakely,162163.14
acces moto,5512.596314383825,1,1239.002326692549,titre et borne,Alasora,262141.33
sans acces,4448.049990941962,0,398.5671599238525,fifanolorana,Tanjombato,19253.88
acces moto,5055.30179919618,1,658.9139230355654,titre et borne,Ivato,277957.07
acces moto,6042.745116085013,1,1918.756567357404,fifanolorana,Ilafy,120025.54
sans acces,3380.720959071916,1,1090.6163284302115,titre et borne,Ivato,270670.0
acces moto,2665.085823793062,1,150.62238265389328,cadastre,Ilafy,167107.52
acces moto,5587.535765293044,1,1735.3831476601626,titre et borne,Alasora,268537.64
acces voiture,2064.881667154904,1,465.4847315688048,titre et borne,Analakely,357760.0
acces voiture,6224.758267143416,1,2498.6382209740364,cadastre,Tanjombato,205038.41
acces moto,8087.466911976931,1,642.1424834729991,titre et borne,Ivato,251916.6
acces voiture,6417.792447239129,0,2024.8130893880905,titre et borne,Analakely,228164.49
acces voiture,5768.089202941627,1,1054.2844084219223,cadastre,Alasora,253382.75
acces voiture,7948.072951836541,1,1682.2189400977754,cadastre,Tanjombato,245946.02
acces voiture,9996.423333387733,1,1387.7862538355798,fifanolorana,Ivato,164998.57
sans acces,8043.110195054391,1,322.9146760073012,cadastre,Tanjombato,118294.36
sans acces,522.6226939949356,1,485.1601341460304,fifanolorana,Ilafy,111951.97
acces voiture,1161.2690997928953,1,1823.968654064929,cadastre,Analakely,271074.0
sans acces,3125.5442669129634,1,732.1797343147673,titre et borne,Tanjombato,258797.05
acces voiture,5078.273150632502,1,677.0812294064026,titre et borne,Ambohidratrimo,346322.24
acces voiture,6552.97706140737,0,235.9019365205177,cadastre,Analakely,169571.84
acces voiture,2822.768560539603,1,1338.879252474769,cadastre,Ilafy,251932.47
acces moto,5560.300293431235,1,2650.019935394516,titre et borne,Tanjombato,288883.98
acces voiture,2733.851202940032,1,145.97366859658166,titre et borne,Ivato,353633.86
acces moto,3165.446591024155,1,1019.3755653382065,fifanolorana,Ilafy,131019.62
acces voiture,780.0167094553335,1,2129.776444332343,cadastre,Ambohidratrimo,234050.35
acces voiture,2230.300261667287,1,936.286887003428,titre et borne,Tanjombato,351385.82
acces moto,944.9461831509988,1,1361.897436999787,titre et borne,Alasora,285276.66
acces voiture,2072.380241068002,1,150.0851774824962,titre et borne,Analakely,371408.38
acces voiture,8160.925389823518,1,1342.6456777661188,titre et borne,Ivato,326083.13
sans acces,12897.146194512174,0,1788.5839965438904,titre et borne,Tanjombato,126465.52
sans acces,6479.953702642668,1,1949.9088412518008,cadastre,Tanjombato,150853.34
sans acces,5554.508371084622,0,3071.650913614891,titre et borne,Ilafy,146878.52
sans acces,2424.926659456359,1,1463.7065385708606,fifanolorana,Tanjombato,65085.83
acces voiture,7100.929638226974,1,1260.6370532657331,fifanolorana,Ivato,211695.95
sans acces,3273.0865212866784,1,1155.5074412618687,titre et borne,Alasora,263283.35
acces moto,5366.029443936084,1,717.4669657514494,cadastre,Ivato,215341.46
sans acces,4711.820300826051,1,763.6788718887765,fifanolorana,Ambohidratrimo,118161.84
acces voiture,8447.819978857027,1,1134.7687810156915,titre et borne,Analakely,329492.22
acces moto,2890.470724622338,1,2054.078028486368,cadastre,Analakely,181072.43
sans acces,4895.034528509115,1,194.76594777628716,cadastre,Ambohidratrimo,159179.39
acces voiture,10312.401906906529,1,1911.902848903236,titre et borne,Tanjombato,298687.19
acces voiture,3119.0988266366976,1,2053.6920538718923,titre et borne,Ivato,350375.8
acces voiture,10437.345673990783,1,905.545178407137,cadastre,Ambohidratrimo,179356.03
acces voiture,7123.255806366426,1,697.4839192068757,cadastre,Analakely,238052.87
acces voiture,3312.599672317197,1,513.742410324454,titre et borne,Ambohidratrimo,378469.72
acces moto,6897.223217166563,1,2037.5956372488877,cadastre,Tanjombato,166552.56
sans acces,7917.663348880189,1,981.7055501608944,titre et borne,Ambohidratrimo,256506.87
acces voiture,6865.429886651589,1,200.5582141640714,cadastre,Ivato,239711.09
acces voiture,289.3258403286309,1,596.180063017426,titre et borne,Alasora,387631.33
acces voiture,2818.588472525394,1,1672.4960212036424,fifanolorana,Tanjombato,186008.05
acces moto,4257.444093345486,1,1437.3868545611035,titre et borne,Analakely,298768.26
acces moto,4776.699712699861,1,808.8543206642446,titre et borne,Ivato,291516.88
acces voiture,6862.016292652034,1,706.5404705482499,titre et borne,Ambohidratrimo,335328.26
acces moto,5533.103002799761,1,686.5934807649426,titre et borne,Ambohidratrimo,246860.32
acces voiture,993.966923869696,1,262.071852401198,cadastre,Alasora,268593.8
acces voiture,6140.5935530178895,1,2292.300551575553,titre et borne,Analakely,329575.82
acces moto,6831.75723585147,1,742.1436246309281,fifanolorana,Analakely,140850.42
acces voiture,6679.371343793119,1,1973.7268166603967,titre et borne,Ilafy,350280.12
acces voiture,8242.342176663866,1,2217.0528415379613,titre et borne,Analakely,347143.25
sans acces,7501.766463646712,1,1798.6487185183682,titre et borne,Alasora,243198.69
acces voiture,6377.54023768531,1,654.7037498255613,titre et borne,Ilafy,333133.91
acces voiture,4789.502865624059,1,1322.9840722692877,titre et borne,Ilafy,338250.58
acces voiture,17.11719945202549,1,980.6435148872672,titre et borne,Ambohidratrimo,381191.71
acces moto,6288.854657397757,0,277.03851141589746,titre et borne,Ambohidratrimo,213579.56
acces voiture,5623.063061489333,1,1259.4874253772823,titre et borne,Analakely,363715.0
acces moto,5814.73651158612,1,56.76816707215801,cadastre,Ilafy,227549.48
sans acces,1169.7542725390715,1,1950.143510769251,cadastre,Ambohidratrimo,188657.5
acces voiture,1756.830378775213,1,628.3061621612856,titre et borne,Alasora,387341.86
sans acces,8159.458559998711,1,1160.9277246982715,titre et borne,Ambohidratrimo,235511.97
acces moto,4881.334538430035,1,1226.6302972369135,fifanolorana,Tanjombato,153566.9
acces voiture,7044.502092117873,1,792.8760210367382,cadastre,Tanjombato,261770.34
acces voiture,5084.955128391383,1,1469.3550411802198,cadastre,Ambohidratrimo,237672.17
acces voiture,5089.268418487236,1,620.0770747019805,titre et borne,Ilafy,340362.97
acces voiture,7814.851417927994,1,1697.0378379657957,cadastre,Ilafy,212444.05
acces moto,3451.865815347878,1,76.78374419739885,cadastre,Ivato,188827.06
acces moto,5288.36233082295,1,1101.1036636371296,cadastre,Tanjombato,161817.22
acces moto,3613.174133884872,1,2551.143199246628,fifanolorana,Alasora,130171.22
acces voiture,3696.5113177030535,1,199.73494031554023,titre et borne,Ilafy,344523.8
acces voiture,4072.483629594082,1,457.8040235801189,titre et borne,Analakely,343306.71
acces voiture,5666.401314901139,1,1411.126279727132,cadastre,Tanjombato,248075.56
acces voiture,3563.754135009568,1,1143.6654255516785,fifanolorana,Alasora,203468.71
sans acces,8767.268376720562,1,1280.5040794188474,titre et borne,Alasora,229802.99
acces moto,2316.1780933414884,0,1391.3497041181308,titre et borne,Ilafy,234982.84
sans acces,4439.385067515923,1,1507.777174849416,titre et borne,Alasora,255693.25
acces voiture,3680.8068251774753,1,1887.7598735649783,titre et borne,Ilafy,365501.67
acces moto,9340.933653061198,1,1327.8549255428102,cadastre,Ambohidratrimo,161216.43
acces voiture,5589.664329534724,1,806.993876305166,cadastre,Tanjombato,268158.6
acces moto,8095.533618405905,1,1538.058960962185,titre et borne,Ivato,269537.79
sans acces,543.3188808890845,1,2519.9055479161725,titre et borne,Ambohidratrimo,254614.94
sans acces,5801.150797607776,1,893.8930028939411,titre et borne,Tanjombato,263978.21
acces voiture,7668.892386870311,0,220.3765562634868,titre et borne,Ilafy,246369.47
acces voiture,5246.851967826273,0,1885.6645354295783,cadastre,Tanjombato,185263.1
sans acces,3448.1346496988835,1,738.135636811229,fifanolorana,Ambohidratrimo,87106.35
sans acces,11896.694370857753,1,571.7374512368618,fifanolorana,Analakely,59139.33
acces voiture,3911.484318681023,1,927.5733741566714,cadastre,Tanjombato,281553.95
acces voiture,3663.4924357976847,1,1265.5842644552115,cadastre,Analakely,242533.18
sans acces,9360.153431353105,1,1152.3997438232532,titre et borne,Ilafy,226391.97
sans acces,9738.716437192135,1,1567.5614537112317,titre et borne,Alasora,194246.9
acces moto,3739.439548712429,1,1410.4846385408662,titre et borne,Alasora,275537.1
acces moto,4154.646173418479,1,792.3626579328662,titre et borne,Ambohidratrimo,301703.01
acces voiture,966.6484668971688,1,1591.0483847100024,titre et borne,Ivato,352831.1
acces voiture,2244.044160547405,1,1492.2939872104428,titre et borne,Alasora,323152.82
acces voiture,1987.5776997437963,1,251.6490383643237,cadastre,Analakely,269513.47
acces voiture,2696.6073046876145,1,1868.785692940026,titre et borne,Ilafy,349125.53
acces moto,4895.9453378396565,1,571.2292439087616,titre et borne,Ambohidratrimo,303024.05
sans acces,5702.644197609562,1,1646.446238624916,fifanolorana,Analakely,108362.33
acces voiture,9651.501478442233,1,1293.8298507210725,fifanolorana,Ambohidratrimo,197490.34
acces voiture,2004.9378777836275,1,2470.5469414360978,cadastre,Ivato,258232.15
acces moto,7952.967195429752,1,821.2272141025182,fifanolorana,Ilafy,126202.18
acces voiture,4358.033467323473,0,720.546563105442,cadastre,Tanjombato,149594.36
sans acces,4851.608871042701,0,984.464315289814,fifanolorana,Ilafy,18927.63
acces moto,7024.458476499811,1,757.4561737325796,titre et borne,Ivato,280527.25
sans acces,1631.833935313104,1,1639.95352155364,titre et borne,Ilafy,252461.69
acces moto,6147.229238552152,1,293.0484867492703,titre et borne,Tanjombato,295827.88
sans acces,5499.356624639168,1,157.05406468291676,titre et borne,Alasora,267761.26
sans acces,6477.353792024447,1,145.75766273664556,titre et borne,Ambohidratrimo,233879.6
sans acces,5867.505931723455,0,1760.2460735788604,cadastre,Tanjombato,40550.24
acces voiture,12365.900419732685,1,2368.4906980655405,cadastre,Analakely,192396.21
acces voiture,3086.780047246052,0,916.4406251700228,cadastre,Ivato,166173.26
acces voiture,3407.009134994547,1,864.9426214479915,titre et borne,Alasora,329696.73
acces voiture,3130.578420725707,1,1056.0417304905452,fifanolorana,Analakely,188837.8
acces moto,3333.568642519236,1,1929.5026420865524,cadastre,Analakely,165552.31
acces moto,3087.838618080447,1,258.1174926475408,titre et borne,Ivato,320106.39
acces voiture,8567.049593322656,1,1190.695186187828,cadastre,Alasora,250800.21
acces moto,9261.512743969564,1,1780.1581038259435,titre et borne,Analakely,239459.35
acces voiture,3287.7611187515718,1,1400.8753359518762,titre et borne,Analakely,357743.54
sans acces,2502.933280687314,1,1151.6652932789948,fifanolorana,Alasora,119071.43
acces voiture,6414.246669159213,1,1800.836874053713,titre et borne,Ilafy,307536.37
sans acces,3343.3308671570862,1,1162.5858343993896,titre et borne,Analakely,254072.17
acces voiture,6898.795453266533,1,1542.300255624726,fifanolorana,Ambohidratrimo,218085.76
acces voiture,5608.769062553899,1,476.7394534980609,cadastre,Alasora,257345.96
acces voiture,452.76765500830425,1,464.5063174851655,titre et borne,Analakely,369411.59
sans acces,9642.515603990185,1,1408.9620796199847,titre et borne,Ivato,209295.0
acces voiture,10387.633019286564,0,2098.926836130366,titre et borne,Tanjombato,196735.64
acces voiture,3161.633928546841,1,890.0411882978465,cadastre,Ambohidratrimo,262348.52
acces voiture,5857.596172174715,1,2289.8226063909165,titre et borne,Tanjombato,315610.64
acces voiture,6003.370369961075,1,2051.931562867238,fifanolorana,Analakely,150430.06
acces moto,6975.632818018492,1,2311.9716234971143,cadastre,Ambohidratrimo,152038.76
acces voiture,11030.613616299048,1,1593.7019928575137,titre et borne,Ambohidratrimo,322133.91
acces voiture,4469.158317517852,0,1060.3469111212742,cadastre,Ilafy,160623.24
acces voiture,2605.1082663846387,1,281.5726495177348,cadastre,Tanjombato,251851.71
sans acces,862.042315956418,1,803.1500094960411,titre et borne,Ambohidratrimo,267945.61
acces moto,2807.2098801742427,1,325.4027237470466,titre et borne,Ilafy,306155.43
acces voiture,4900.619081378609,1,2736.7541739982507,fifanolorana,Alasora,157303.51
acces voiture,10383.673590553364,1,859.2913500541307,titre et borne,Ilafy,316229.46
acces moto,3447.166102891486,1,1098.5638454275886,cadastre,Ivato,184319.52
acces voiture,5671.363854916695,1,1441.188300832374,titre et borne,Analakely,327617.73
sans acces,8565.179820344252,1,2356.0408323446027,titre et borne,Alasora,227732.56
acces moto,12580.797277620866,1,501.88051061243846,titre et borne,Ivato,242411.4
acces moto,3407.3936812390384,1,1155.685964189794,titre et borne,Ilafy,261481.99
acces voiture,3531.681672445334,1,406.02353144156143,titre et borne,Analakely,362245.82
sans acces,8132.482631207216,1,56.01800897656472,fifanolorana,Ilafy,99655.4
acces voiture,7045.674468878934,1,510.5847272757717,fifanolorana,Ambohidratrimo,177725.54
acces voiture,10540.1219772081,1,970.3705623612703,cadastre,Ilafy,209200.74
